name,kind,identifier,audit_reason,report_state,reported_israel,enabled_default_in_uploaded_code,web_outcome,finding_he,code_action,next_action_he,checked_url,checked_date,live_collector_verified_in_this_environment
rafael,ashby,https://career.rafael.co.il/search/,failed,נכשל · 5% בריאות מקור,,,configuration_error,כתובת אתר רפאל הוזנה כמזהה Ashby. זו שגיאת תצורה נפרדת מחסימת אתר רפאל.,explicit_duplicate_repair,להריץ תחילה dry-run של כלי תיקון הכפילות; אין מחיקת משרות.,https://career.rafael.co.il/search/,2026-09-26,False
Redis Careers,ashby,redis,zero_israel,איסוף מלא · 100% בריאות מקור,0,True,dynamic_shell,עמוד קריירה נגיש ולוח Ashby דינמי; לא אומת שאפס בישראל הוא אפס אמיתי.,shared_ashby_fix,"לבדוק תוצאת Ashby חיה, כולל secondaryLocations שתוקן במנגנון המשותף.",https://redis.io/company/careers/,2026-09-26,False
Armis — Data & Program Operations,greenhouse,armissecurity,zero_israel,איסוף מלא · 100% בריאות מקור,0,True,employer_moved,משרות ישראליות מפנות ל-ServiceNow; לוח Greenhouse הישן מציג שאין משרות.,legacy_empty_guard,להצליב עם המקור הקיים ServiceNow; לא לייבא את כל משרות חברת האם תחת Armis.,https://www.armis.com/armis-careers/,2026-09-26,False
Logz.io Careers Israel,lever,logz,zero_israel,איסוף מלא · 100% בריאות מקור,0,True,dynamic_shell,אתר החברה עדיין מפנה ל-Lever logz; התוכן שנקרא מהלוח לא מספיק לאימות אפס.,none,להריץ את Lever החי ולבדוק מיקום ומשרות זמינות; לא להחליף מזהה ללא ראיה.,https://logz.io/careers/,2026-09-26,False
Amdocs Careers Israel,official_careers,amdocs,zero_israel,איסוף חלקי · 100% בריאות מקור,0,True,dynamic_shell,מעטפת חיפוש דינמית; בקוד כבר קיים קורא Eightfold מוגבל.,baseline_implementation,נדרש probe חי של Eightfold עם סינון ישראל; אין הוכחה להיעדר משרות.,https://jobs.amdocs.com/careers,2026-09-26,False
Analog Devices Careers Israel,official_careers,analog-devices,pending,ממתין לאימות מנגנון האיסוף · 100% בריאות מקור,,False,ats_link_found,אתר הקריירה מפנה ל-Workday. הופעת ישראל כאתר חברה אינה הוכחת משרה.,none,לבדוק board analogdevices.wd1 / External ו-facet ישראל לפני הפעלה.,https://www.analog.com/en/careers.html,2026-09-26,False
Arbe Robotics — Israel,official_careers,arbe,unverified,לא אומת · 50% בריאות מקור,,True,public_jobs_visible,נמצאו משרות בתל אביב בנתיב career/co יחיד; הקוד חיפש careers ברבים.,path_identity_fixed,תוקנו selector ומזהה Comeet מתוך הכתובת; אימות hydration חי עדיין נדרש.,https://arberobotics.com/career/,2026-09-26,False
Ashdod Port — CS Israel,official_careers,ashdod-port,unverified,לא אומת · 50% בריאות מקור,,True,web_access_unverified,כלי הגלישה לא הצליח לקרוא את העמוד והציג 502; אין בכך הוכחה שהאתר ריק.,none,לאתר מחדש את לוח הדרושים מתוך האתר הרשמי בסביבה עם גישה ולבדוק פרטי מכרזים ותאריכים.,https://www.ashdodport.co.il/about/careers/,2026-09-26,False
Assuta Medical Centers Careers Israel,official_careers,assuta,pending,ממתין לאימות מנגנון האיסוף · 100% בריאות מקור,,False,web_access_unverified,לא התקבל תוכן אמין מהכתובת המוגדרת.,none,נדרש גילוי יעד הגיוס מהאתר הרשמי ו-payload תקין לפני הפעלה.,https://www.assuta.co.il/about/jobs/,2026-09-26,False
Astrix Security Careers Israel,official_careers,astrix-security,pending,ממתין לאימות מנגנון האיסוף · 100% בריאות מקור,,False,company_transition,עמוד החברה מציג No jobs found והודעת מעבר ל-Cisco; לא אומת מקור משרות חלופי בפועל.,none,להצליב עם Cisco ולא להכריז על אפס כלל-חברתי או להעביר אוטומטית את כל משרות Cisco.,https://astrix.security/careers/,2026-09-26,False
Bank Hapoalim — CS Israel,official_careers,bank-hapoalim,unverified,לא אומת · 50% בריאות מקור,,True,public_jobs_visible,"בלוח חלופי רשמי הופיעו משרות, לרבות תפקידי אנליזה. חלק מקישורי node שנבדקו כשלו.",none,נדרש מיפוי עקבי של דפי הפרט וכתובות forms; החלפת דף נחיתה לבדה אינה תיקון מלא.,https://www.bankhapoalim.co.il/forms/he/jobs-site/lobby,2026-09-26,False
Bank Leumi — CS Israel,official_careers,bank-leumi,unverified,לא אומת · 50% בריאות מקור,,True,web_access_unverified,הכתובת המוגדרת לא נקראה בהצלחה בבדיקה הנוכחית.,none,בדוח הקודם שב-ZIP הופיע leumiservices.bankleumi.co.il/career/#/; זה lead היסטורי ולא יעד שאומת מחדש.,https://www.leumi.co.il/he/about-leumi/career,2026-09-26,False
Bezeq Careers Israel,official_careers,bezeq,pending,ממתין לאימות מנגנון האיסוף · 100% בריאות מקור,,False,redirect_without_job_payload,האתר מפנה ל-career_new; לא התקבל ממנו אוסף משרות מובנה.,none,למפות את מערכת החיפוש המוטמעת; אין להסיק מהפניית URL בלבד שהקורא תקין.,https://www.bezeq.co.il/career_new/,2026-09-26,False
Boston Scientific Careers Israel,official_careers,boston-scientific,zero_israel,איסוף חלקי · 100% בריאות מקור,0,True,landing_only,"עמוד קריירה תאגידי נגיש; קיים בקוד קורא Eightfold, שלא הורץ חי כאן.",baseline_implementation,לבדוק endpoint ישראל של Eightfold ואת מגבלת הדפים לפני מסקנה על אפס.,https://www.bostonscientific.com/en-US/careers.html,2026-09-26,False
Cadence Design Systems — Israel,official_careers,cadence,zero_israel,איסוף חלקי · 100% בריאות מקור,0,True,ats_board_found,מוגדר לוח Workday אך האיסוף הישן ניסה לקרוא ממנו קישורי HTML.,workday_route_added,"הוסב לקורא Workday עם facet ישראל, תקרה של 40 פרטים ושמירת היסטוריה.",https://cadence.wd1.myworkdayjobs.com/External_Careers,2026-09-26,False
Cal — CS Israel,official_careers,cal,unverified,לא אומת · 50% בריאות מקור,,True,web_access_unverified,לא התקבל תוכן אמין מהכתובת המוגדרת.,none,נדרש מעקב מקישור הקריירה באתר כאל אל לוח המשרות בפועל; לא להפעיל scraper כללי מניחוש.,https://www.cal-online.co.il/about/careers/,2026-09-26,False
Cellcom Careers Israel,official_careers,cellcom,pending,ממתין לאימות מנגנון האיסוף · 100% בריאות מקור,,False,web_access_unverified,כלי הגלישה החזיר שגיאת קריאה ולא רשימת משרות.,none,לבדוק עמוד גיוס נוכחי ומערכת חיפוש מתוך האתר הרשמי.,https://www.cellcom.co.il/career/,2026-09-26,False
Chain Reaction — Hardware Israel,official_careers,chain-reaction,unverified,לא אומת · 50% בריאות מקור,,True,site_declares_no_positions,העמוד הרשמי מצהיר במפורש שאין משרות פתוחות בזמן הבדיקה.,none,זה תומך באפס באתר כרגע; אין להפוך שגיאת collector כללית ל-empty תקין בלי אות מובנה.,https://chain-reaction.io/careers/,2026-09-26,False
Cisco Careers Israel,official_careers,cisco,zero_israel,איסוף חלקי · 100% בריאות מקור,0,True,web_access_unverified,עמוד החיפוש המוגדר לא נגיש בבדיקה; היעדר משרות בישראל לא אומת.,none,נדרש גילוי החיפוש הנוכחי באתר Cisco; גם Astrix מפנה לחברה זו.,https://careers.cisco.com/global/en/search-results?keywords=&from=0&s=1&rk=l-israel,2026-09-26,False
Clalit — CS Israel,official_careers,clalit,unverified,לא אומת · 50% בריאות מקור,,True,web_access_unverified,לוח כללית לא נקרא בהצלחה.,none,"בדוח הקודם צוין Redmatch; יש לאמת tenant ונתוני משרות, לא להניח שאין משרות.",https://jobs.clalitapps.co.il/,2026-09-26,False
החברה המרכזית למשקאות — CS Israel,official_careers,cocacola-israel,unverified,לא אומת · 50% בריאות מקור,,True,web_access_unverified,אתר הקריירה לא נקרא בהצלחה בכלי הגלישה.,none,לבדוק מקור גיוס רשמי חלופי של החברה המרכזית; לא נמצא feed חלופי שאפשר לאמת כאן.,https://careers.cocacola.co.il/,2026-09-26,False
Deep Instinct Careers Israel,official_careers,deep-instinct,pending,ממתין לאימות מנגנון האיסוף · 100% בריאות מקור,,False,visible_foreign_only,המשרות הגלויות שנקראו היו בארה״ב וביפן; אזכור ישראל בפרופיל עובד אינו מיקום משרה.,none,לא אומתה שלמות הרשימה או API; לשמור כבוי עד חיבור collector אמין.,https://www.deepinstinct.com/careers,2026-09-26,False
Dell Technologies Careers Israel,official_careers,dell,pending,ממתין לאימות מנגנון האיסוף · 100% בריאות מקור,,False,ats_redirect_found,"כתובת jobs.dell.com הופנתה ל-Oracle Candidate Experience, לא לדף משרות HTML ישן.",none,נדרש קורא Oracle ייעודי עם country facet ומזהי requisition מאומתים.,https://enterpriseplatform.dell.com/hcmUI/CandidateExperience/en/sites/careers,2026-09-26,False
Deloitte Israel — CS Israel,official_careers,deloitte-israel,unverified,לא אומת · 50% בריאות מקור,,True,public_jobs_visible,בלוח הרשמי החלופי הופיעו תפקידי AI בתל אביב ובחיפה ורשימת משרות עם טעינה נוספת.,none,נדרש מיפוי מזהי משרות ופירוט/עימוד; דף הקריירה התאגידי המוגדר אינו feed.,https://careers.deloitte.co.il/positions/,2026-09-26,False
Delta Galil Careers Israel,official_careers,delta-galil,pending,ממתין לאימות מנגנון האיסוף · 100% בריאות מקור,,False,web_access_unverified,לא התקבל תוכן אמין מהעמוד המוגדר.,none,נדרש איתור קישור הגיוס מתוך האתר הרשמי ואימות לוח ישראל לפני הפעלה.,https://www.deltagalil.com/careers/,2026-09-26,False
DHL — CS Israel,official_careers,dhl-israel,unverified,לא אומת · 50% בריאות מקור,,True,landing_only,עמוד גלובלי נגיש; לא נאספו ממנו משרות ישראל מאומתות.,none,נדרש סינון מדינה מפורש וחיבור ל-search API; אין להסתפק בעמוד הגלובלי.,https://careers.dhl.com/global/en,2026-09-26,False
Israel Discount Bank — CS Israel,official_careers,discount-bank,unverified,לא אומת · 50% בריאות מקור,,True,web_access_unverified,הכתובת המוגדרת לא נקראה בהצלחה.,none,נדרש גילוי לוח הגיוס העדכני מתוך אתר דיסקונט; אין כאן חלופה שאומתה כמחזירה משרות.,https://www.discountbank.co.il/private/general-information/careers/,2026-09-26,False
DustPhotonics — Israel,official_careers,dustphotonics,unverified,לא אומת · 50% בריאות מקור,,True,employer_moved,"עמוד DustPhotonics מפנה ל-Credo, עם משרות במודיעין וקישורי HiBob של credo.",none,לא בוצע ייבוא גורף תחת DustPhotonics: נדרש מיפוי זהות החברה ומקור Credo או סינון יחידה מאומת.,https://credosemi.com/about-credo/careers/,2026-09-26,False
Elad Systems — CS Israel,official_careers,elad-systems,unverified,לא אומת · 50% בריאות מקור,,True,web_access_unverified,הכתובת המוגדרת לא נקראה בהצלחה.,none,יש לעקוב מקישור הקריירה באתר אלעד אחר לוח פעיל; לא אומת מקור חלופי בבדיקה זו.,https://www.eladsoft.com/careers/,2026-09-26,False
Elspec Careers Israel,official_careers,elspec,pending,ממתין לאימות מנגנון האיסוף · 100% בריאות מקור,,False,public_jobs_visible,"נראו שש משרות בישראל בטבלה, ובהן תפקידי פיתוח וחומרה; נבדקו גם דפי פרט.",reader_added_pending_activation,נוסף קורא טבלה ופרטים תחומים. ברירת המחדל נשארה כבויה עד probe חי מוצלח.,https://www.elspec-ltd.com/careers/,2026-09-26,False
Ericsson Careers Israel,official_careers,ericsson,pending,ממתין לאימות מנגנון האיסוף · 100% בריאות מקור,,False,ats_link_found,אתר תאגידי נגיש עם קישורים ל-jobs.ericsson.com.,none,נדרש לזהות tenant/API ולסנן ישראל במפורש; הקישור לבדו אינו אימות איסוף.,https://www.ericsson.com/en/careers,2026-09-26,False
EY Israel — CS Israel,official_careers,ey-israel,unverified,לא אומת · 50% בריאות מקור,,True,web_access_unverified,העמוד המוגדר לא נקרא בהצלחה.,none,לאמת את מנוע חיפוש המשרות הרשמי של EY ומיקום ישראל; לא להמציא API או board token.,https://www.ey.com/en_il/careers,2026-09-26,False
Fiverr — CS Israel,official_careers,fiverr,unverified,לא אומת · 50% בריאות מקור,,True,dynamic_shell,עמוד Jobs נגיש אך הרשימה אינה מופיעה במלואה בטקסט שנקרא.,none,נדרש payload החיפוש או ATS מקושר; לא אומת אפס ולא נוסף collector מניחוש.,https://www.fiverr.com/jobs,2026-09-26,False
Flex — Hardware Israel,official_careers,flex-israel,zero_israel,איסוף חלקי · 100% בריאות מקור,0,True,ats_board_found,"קישור חיפוש רשמי מדף Flex ישראל מוביל ל-Workday של flextronics, אתר Careers.",workday_route_added,"הוסב לקורא Workday עם גילוי facet ישראל, תקרה וסימון snapshot חלקי.",https://flextronics.wd1.myworkdayjobs.com/en-US/Careers?Location_Country=084562884af243748dad7c84c304d89a,2026-09-26,False
Fox Group — CS Israel,official_careers,fox-group,unverified,לא אומת · 50% בריאות מקור,,True,web_access_unverified,הלוח החזיר שגיאת גישה בכלי הגלישה; בדוח הקודם צוין כשל TLS.,none,אין לבטל בדיקת TLS. דרוש יעד מאובטח ומאומת מקישור HR רשמי.,https://www.foxhr.2.idus.co.il/,2026-09-26,False
Fridenson — IEM Israel,official_careers,friedenson,unverified,לא אומת · 50% בריאות מקור,,True,web_access_unverified,החלופה careers-new לא נקראה כעת; קורא ייעודי עבורה כבר קיים ב-ZIP.,baseline_implementation,נדרש probe של המימוש הקיים; לא נספר כתיקון חדש.,https://fridenson.co.il/careers-new/,2026-09-26,False
Fundbox Careers Israel,official_careers,fundbox,zero_israel,איסוף חלקי · 100% בריאות מקור,0,True,visible_foreign_only,ארבע המשרות הגלויות שנקראו היו בארה״ב. Tel Aviv במסנן אינו הוכחת משרה.,baseline_implementation,"אפס ישראל תואם את הרשימה הגלויה, אך לא בוצעה סריקת HiBob חיה לאימות שלמות.",https://fundbox.com/careers/,2026-09-26,False
Hadassah Careers Israel,official_careers,hadassah,pending,ממתין לאימות מנגנון האיסוף · 100% בריאות מקור,,True,public_jobs_visible,"נמצאו משרות; הקורא כבר קיים ומופעל ב-ZIP, למרות מצב ממתין בדוח שהועלה.",baseline_implementation,להשוות גרסת שרת ומטא-דאטה של המקור; אין לייחס את ההפעלה לעדכון הנוכחי.,https://he.hadassah.org.il/wanted/careers/,2026-09-26,False
Haifa Port — CS Israel,official_careers,haifa-port,unverified,לא אומת · 50% בריאות מקור,,True,web_access_unverified,עמוד הדרושים לא נקרא בהצלחה.,none,נדרש לוח מכרזי כוח אדם נוכחי ובדיקת תאריכי סגירה; אין ראיה לאפס משרות.,https://www.haifaport.co.il/jobs/,2026-09-26,False
Harel — CS Israel,official_careers,harel,unverified,לא אומת · 50% בריאות מקור,,True,web_access_unverified,העמוד המוגדר לא נקרא בהצלחה.,none,נדרש לגלות את מערכת הגיוס מתוך אתר הראל; לא נמצא feed חלופי שאומת כאן.,https://www.harel-group.co.il/about/harel-group/careers/Pages/default.aspx,2026-09-26,False
HOT Careers Israel,official_careers,hot,pending,ממתין לאימות מנגנון האיסוף · 100% בריאות מקור,,False,web_access_unverified,גם הכתובת החלופית careersearch שנבדקה נתקלה בלולאת הפניות.,none,לא להחליף אוטומטית לכתובת שאינה ניתנת לקריאה; נדרש בירור בסביבת רשת רגילה.,https://www.hot.net.il/heb/careersearch/,2026-09-26,False
IBM Careers Israel,official_careers,ibm,unverified,לא אומת · 50% בריאות מקור,,True,dynamic_shell,עמוד החיפוש החזיר מעטפת ללא payload משרות אמין.,none,נדרש חיבור למנגנון החיפוש הנוכחי; שמירת היסטוריה נכונה יותר מאפס שגוי.,https://www.ibm.com/careers/search?field_keyword_05[0]=Israel,2026-09-26,False
Ichilov Medical Center — CS Israel,official_careers,ichilov,unverified,לא אומת · 50% בריאות מקור,,True,web_access_unverified,העמוד המוגדר לא נקרא בהצלחה.,none,נדרש גילוי אתר הדרושים הנוכחי של איכילוב; אין חלופה מאומתת כאן.,https://www.tasmc.org.il/careers/,2026-09-26,False
ICL — CS Israel,official_careers,icl,unverified,לא אומת · 50% בריאות מקור,,True,landing_only,אתר קריירה נגיש; ב-ZIP כבר קיים קורא SuccessFactors עם חיפוש ישראל.,baseline_implementation,"נדרש probe חי לקורא הקיים, לרבות עימוד ותיאורי משרות.",https://careers.icl-group.com/,2026-09-26,False
Israel Electric Corporation Careers Israel,official_careers,iec,pending,ממתין לאימות מנגנון האיסוף · 100% בריאות מקור,,False,web_access_unverified,עמוד הקריירה לא נקרא בהצלחה.,none,נדרש חיבור לחיפוש המשרות ולא למעטפת כללית; לא אומתה חלופה כעת.,https://www.iec.co.il/careers,2026-09-26,False
Isracard — CS Israel,official_careers,isracard,unverified,לא אומת · 50% בריאות מקור,,True,web_access_unverified,הכתובת המוגדרת לא נקראה בהצלחה; באתר הראשי קיים קישור קריירה.,none,יש לעקוב אחר קישור הקריירה העדכני; אין להסיק מכשל בכתובת הישנה שאין משרות.,https://www.isracard.co.il/pages/careers/,2026-09-26,False
Israel Post — CS Israel,official_careers,israel-post,unverified,לא אומת · 50% בריאות מקור,,True,web_access_unverified,עמוד הדרושים המוגדר לא נקרא בהצלחה.,none,לבדוק קישור גיוס רשמי ותוקף מכרזים; לא בוצע חיבור אל מקור מנוחש.,https://israelpost.co.il/%D7%90%D7%95%D7%93%D7%95%D7%AA/%D7%93%D7%A8%D7%95%D7%A9%D7%99%D7%9D/,2026-09-26,False
Israel Railways — CS Israel,official_careers,israel-railways,unverified,לא אומת · 50% בריאות מקור,,True,dynamic_shell,הכתובת החזירה מעטפת JavaScript ללא משרות קריאות.,none,נדרש מיפוי בקשת החיפוש ומזהי המשרות; אין הוכחה ללוח ריק.,https://www.rail.co.il/?page=career,2026-09-26,False
Jabil Careers Israel,official_careers,jabil-israel,pending,ממתין לאימות מנגנון האיסוף · 100% בריאות מקור,,False,ats_link_found,אתר החברה מפנה לסביבת Workday של Jabil.,none,Jabil_Careers הוא lead מהבדיקה הקודמת; נדרש אימות חי של board ומסנן ישראל לפני הפעלה.,https://careers.jabil.com/,2026-09-26,False
KPMG Israel — CS Israel,official_careers,kpmg-israel,unverified,לא אומת · 50% בריאות מקור,,True,redirect_without_job_payload,הכתובת הגלובלית הופנתה לאתר הישראלי; טופס חיפוש מופיע בלי payload משרות בטקסט שנקרא.,none,נדרש API/מיפוי שדות של האתר המקומי; שינוי כתובת לבדו אינו מספיק.,https://kpmg.co.il/en/careers,2026-09-26,False
L'Oréal Israel Careers Israel,official_careers,loreal-israel,pending,ממתין לאימות מנגנון האיסוף · 100% בריאות מקור,,False,http_error,"כלי הגלישה קיבל HTTP 406, לא תוצאת חיפוש ריקה.",none,נדרש יעד משרות נגיש ופרמטרי חיפוש נתמכים; אין לעקוף הגנות או להכריז על אפס.,https://careers.loreal.com/,2026-09-26,False
Maccabi Healthcare — CS Israel,official_careers,maccabi-health,unverified,לא אומת · 50% בריאות מקור,,True,public_jobs_visible,נמצאו משרות עם דפי all-positions ומספר משרה; דף פרט נבדק.,none,"נדרש קורא ייעודי המחבר מספר משרה, מיקום ודרישות; הוספת משרות רפואיות אינה התאמה אוטומטית למסלולים.",https://www.maccabi4u.co.il/careers/,2026-09-26,False
Malam Team — CS Israel,official_careers,malam-team,unverified,לא אומת · 50% בריאות מקור,,True,web_access_unverified,העמוד המוגדר לא נקרא בהצלחה.,none,נדרש מיפוי לוח משרות רשמי במקום חיפוש קישורים כללי.,https://www.malamteam.com/careers/,2026-09-26,False
Matrix — CS Israel,official_careers,matrix-israel,unverified,לא אומת · 50% בריאות מקור,,True,http_error,הכתובת המוגדרת החזירה HTTP 403 בכלי הגלישה.,none,"לשמור נתונים קיימים; קורא Matrix כבר קיים, אך לא אומתה דרך גישה חלופית.",https://www.matrix.co.il/jobs/,2026-09-26,False
Max — CS Israel,official_careers,max,unverified,לא אומת · 50% בריאות מקור,,True,web_access_unverified,העמוד המוגדר לא נקרא בהצלחה.,none,נדרש גילוי יעד הגיוס מתוך האתר הרשמי; אין חלופה מאומתת בבדיקה זו.,https://www.max.co.il/careers,2026-09-26,False
Meta Careers Israel,official_careers,meta,unverified,לא אומת · 50% בריאות מקור,,True,web_access_unverified,לא התקבלה רשימת משרות אמינה מהחיפוש הרשמי.,none,"להמשיך לשמור snapshot, לא לפרש חסימה או תקלה כהיעדר משרות; נדרש probe מהשרת.",https://www.metacareers.com/jobs?offices[0]=Tel%20Aviv%2C%20Israel,2026-09-26,False
Meuhedet Careers Israel,official_careers,meuhedet,pending,ממתין לאימות מנגנון האיסוף · 100% בריאות מקור,,False,dynamic_shell,"עמוד שיווקי באנגלית עם דרישת JavaScript, ללא רשימת משרות אמינה.",none,נדרש לוח גיוס מקומי/מוטמע עם מזהים ומיקום; להשאיר כבוי עד אימות.,https://www.meuhedet.co.il/en/career-at-meuhedet/,2026-09-26,False
Migdal — CS Israel,official_careers,migdal,unverified,לא אומת · 50% בריאות מקור,,True,web_access_unverified,הכתובת המוגדרת לא נקראה בהצלחה.,none,נדרש גילוי לוח המשרות מתוך האתר הרשמי; לא אומת יעד חלופי.,https://www.migdal.co.il/about/careers,2026-09-26,False
משרד הביטחון — CS Israel,official_careers,ministry-of-defense-il,unverified,לא אומת · 50% בריאות מקור,,True,web_access_unverified,עמוד המשרות הישן לא נקרא בהצלחה.,none,נדרש עמוד גיוס רשמי נוכחי ותוקף מכרזים; לא לאסוף מסמכי ניווט כמשרות.,https://www.mod.gov.il/Citizen_Service/Pages/jobs.aspx,2026-09-26,False
Moon Active Careers Israel,official_careers,moonactive,unverified,לא אומת · 50% בריאות מקור,,True,ats_board_found,האתר משתמש ב-Ashby ומציג משרות; הקורא הישן ציפה לנתיבי Comeet ישנים.,ashby_route_added,נותב ל-Ashby בלי לשנות את Source identity; שמירת היסטוריה חלקית עד reconciliation נפרד.,https://jobs.ashbyhq.com/moonactive,2026-09-26,False
Ness — CS Israel,official_careers,ness-israel,unverified,לא אומת · 50% בריאות מקור,,True,dynamic_shell,האתר החזיר מעטפת Angular ללא רשימת משרות נגישה לטקסט.,none,נדרש API/נתוני חיפוש ולא פרסור של מעטפת האתר.,https://www.ness-tech.co.il/careers,2026-09-26,False
NeuroBlade — Israel,official_careers,neuroblade,unverified,לא אומת · 50% בריאות מקור,,True,web_access_unverified,עמוד הקריירה לא נקרא בהצלחה. עמוד design-system שנמצא בחיפוש אינו לוח דרושים אמין.,none,אין להשתמש בעמוד הדגמה כמקור; נדרש לוח רשמי נוכחי.,https://www.neuroblade.com/careers/,2026-09-26,False
Niram Gitan — IEM Israel,official_careers,niram-gitan,unverified,לא אומת · 50% בריאות מקור,,True,web_access_unverified,האתר המוגדר לא נקרא בהצלחה.,none,נדרש קישור גיוס/משרות רשמי ולא דף בית כללי; אין חלופה מאומתת.,https://www.niramgitan.com/,2026-09-26,False
Nokia Careers Israel,official_careers,nokia,pending,ממתין לאימות מנגנון האיסוף · 100% בריאות מקור,,False,redirect_without_job_payload,דף הקריירה הופנה לכתובת נוכחית; לא אומת אוסף משרות ישראל.,none,נדרש גילוי ATS והפעלת country facet לפני הפעלה.,https://www.nokia.com/careers/,2026-09-26,False
Nova — Israel,official_careers,nova,zero_israel,איסוף חלקי · 100% בריאות מקור,0,True,public_jobs_visible,"בעמוד ישראל הופיעו משרות מזוהות; הכותרת הראשית מציינת 35 והרשימה 34, ולכן המספר אינו ספירת API מאומתת. קישורי comeetitem לא התאימו לביטוי הישן.",comeet_route_added,נוסף ניתוב ללוח Comeet nova/A5.007 עם מזהים ותיאורים מובנים ושמירת היסטוריה.,https://www.novami.com/location_filter/israel/,2026-09-26,False
Oracle Careers Israel,official_careers,oracle,pending,ממתין לאימות מנגנון האיסוף · 100% בריאות מקור,,False,dynamic_shell,הכתובת הופנתה למעטפת Oracle Candidate Experience.,none,"נדרש קורא Oracle כולל schema, facet ישראל ועימוד; לא הומצא endpoint.",https://careers.oracle.com/en/sites/jobsearch,2026-09-26,False
OrCam Careers Israel,official_careers,orcam,pending,ממתין לאימות מנגנון האיסוף · 100% בריאות מקור,,False,web_access_unverified,הכתובת המוגדרת לא נקראה בהצלחה.,none,orcam.zohorecruit.com/careers הוא lead היסטורי מה-ZIP בלבד; נדרש אימות חי לפני הפעלה.,https://www.orcam.com/en-us/careers/,2026-09-26,False
Ormat Technologies Careers Israel,official_careers,ormat,pending,ממתין לאימות מנגנון האיסוף · 100% בריאות מקור,,False,web_access_unverified,העמוד המוגדר לא נקרא בהצלחה.,none,נדרש קישור גיוס נוכחי של Ormat ומשרות בישראל; אין feed חלופי מאומת כאן.,https://www.ormat.com/en/company/careers/,2026-09-26,False
Osem-Nestle — CS Israel,official_careers,osem-nestle,unverified,לא אומת · 50% בריאות מקור,,True,public_jobs_visible,"האתר הציג 62 משרות וכמה דפי פרט תקינים עם מזהה, מיקום IL וקישור Nestle להגשה.",reader_added,"נוסף קורא מוגבל לפרטים, עד 40 קישורים בעמוד שנקרא; אינו מתיימר להשלים את כל העימוד.",https://www.osem-nestle.co.il/career/open-positions,2026-09-26,False
Partner Careers Israel,official_careers,partner,pending,ממתין לאימות מנגנון האיסוף · 100% בריאות מקור,,False,web_access_unverified,עמוד הקריירה לא נקרא בהצלחה.,none,נדרש מיפוי מערכת גיוס בפועל מתוך האתר הרשמי; לא נמצאה חלופה מאומתת.,https://www.partner.co.il/n/career,2026-09-26,False
Philips Careers Israel,official_careers,philips,unverified,לא אומת · 50% בריאות מקור,,True,dynamic_shell,עמוד Phenom הציג טקסטי תבנית כולל משתנים; No results בתבנית אינו הוכחת אפס.,none,נדרש payload חיפוש ולא פרסור טקסטי placeholders; שומרים snapshot.,https://www.careers.philips.com/il/en/search-results,2026-09-26,False
The Phoenix — CS Israel,official_careers,phoenix,unverified,לא אומת · 50% בריאות מקור,,True,web_access_unverified,הכתובת המוגדרת לא נקראה בהצלחה.,none,נדרש לגלות לוח גיוס נוכחי באתר הפניקס; לא אומת feed חלופי.,https://www.fnx.co.il/about-us/careers/,2026-09-26,False
Playtika — CS Israel,official_careers,playtika,unverified,לא אומת · 50% בריאות מקור,,True,dynamic_shell,העמוד נגיש ודינמי. ב-ZIP כבר קיים ניתוב Greenhouse playtikaltd ייעודי.,baseline_implementation,לא נספר כתיקון חדש; יש לבצע probe של הקורא הקיים מהשרת.,https://www.playtika.com/careers/,2026-09-26,False
Pliops — Storage Silicon Israel,official_careers,pliops,unverified,לא אומת · 50% בריאות מקור,,True,web_access_unverified,עמוד הקריירה לא נקרא בהצלחה.,none,לא נמצא לוח חלופי רשמי שניתן לאמת; אין להסיק שהחברה הפסיקה לגייס.,https://pliops.com/careers/,2026-09-26,False
PwC Israel — CS Israel,official_careers,pwc-israel,unverified,לא אומת · 50% בריאות מקור,,True,http_error,הכתובת המוגדרת החזירה 404 בכלי הגלישה.,none,נדרש למצוא קישור גיוס ישראלי עדכני; אין להחליף ללוח גלובלי ללא סינון מדינה.,https://www.pwc.com/il/he/career.html,2026-09-26,False
Qualcomm Careers Israel,official_careers,qualcomm,unverified,לא אומת · 50% בריאות מקור,,True,web_access_unverified,חיפוש ישראל לא נקרא בהצלחה; עמודי החברה מצביעים על Eightfold אך לא אומת feed ישראל.,none,נדרש אימות domain=qualcomm.com ו-schema בפועל לפני הוספת route.,https://careers.qualcomm.com/careers?location=Israel,2026-09-26,False
Rafael Careers,official_careers,rafael,unverified,לא אומת · 50% בריאות מקור,,True,http_error,האתר הרשמי החזיר HTTP 491 בכלי הגלישה. זו בעיה נפרדת משגיאת Ashby הכפולה.,none,לא נעקפה הגנה; נשמרות משרות קודמות. תיקון הכפילות לא פותר את גישת האתר עצמו.,https://career.rafael.co.il/search/,2026-09-26,False
Rambam Careers Israel,official_careers,rambam,pending,ממתין לאימות מנגנון האיסוף · 100% בריאות מקור,,False,landing_only,עמוד עשיר בקטגוריות וקישורים; לא אומת אוסף משרות מלא ומזוהה.,none,"נדרש reader תחום למשרות, שלא יאסוף ניווט וקטגוריות; לבדוק תוקף מכרזים.",https://www.rambam.org.il/about-rambam/careers/,2026-09-26,False
Retym — Semiconductor Israel,official_careers,retym,unverified,לא אומת · 50% בריאות מקור,,True,public_jobs_visible,נמצאו משרות ברמת גן; ב-ZIP כבר קיים קורא פרטים ייעודי ל-Comeet המוטמע.,none,נדרש לברר מדוע reader הקיים נכשל בשרת: DOM/canonical URL/הרשאות; לא הוקל תנאי אימות בלי raw HTML.,https://retym.com/careers-2/,2026-09-26,False
Salesforce Careers Israel,official_careers,salesforce,unverified,לא אומת · 50% בריאות מקור,,True,web_access_unverified,חיפוש ישראל לא החזיר תוכן אמין בכלי הגלישה.,none,להמשיך לשמור snapshot; נדרש נתיב רשמי/ATS מאומת ולא HTML כללי.,https://careers.salesforce.com/en/jobs/?search=&country=Israel,2026-09-26,False
Samsung Research Israel,official_careers,samsung,unverified,לא אומת · 50% בריאות מקור,,True,web_access_unverified,כתובת הקריירה של Samsung Research Israel לא נקראה בהצלחה.,none,"יש לאמת ערוץ גיוס ישראלי נוכחי, בלי לשייך אוטומטית משרות גלובליות למרכז הישראלי.",https://research.samsung.com/sril/careers,2026-09-26,False
SAP Careers Israel,official_careers,sap-israel,pending,ממתין לאימות מנגנון האיסוף · 100% בריאות מקור,,False,dynamic_shell,קישור ישראל הישן הופנה לחיפוש חדש כללי.,none,נדרש למפות את מסנן המדינה בחיפוש החדש; עמוד כללי אינו הוכחת אפס בישראל.,https://jobs.sap.com/en/jobs/,2026-09-26,False
Sapiens Careers Israel,official_careers,sapiens,pending,ממתין לאימות מנגנון האיסוף · 100% בריאות מקור,,True,web_access_unverified,"החיפוש לא נקרא כעת, אבל reader ייעודי והפעלה כבר קיימים ב-ZIP.",baseline_implementation,לבדוק פער גרסת שרת/מטא-דאטה; לא נספר כתיקון חדש.,https://careers.sapiens.com/search/?q=&locationsearch=Israel,2026-09-26,False
SCD — SemiConductor Devices,official_careers,scd,zero_israel,איסוף חלקי · 100% בריאות מקור,0,True,wrong_regional_site,"המקור הצביע לאתר האמריקאי. בקריאה מוקדמת של האתר הישראלי נצפו משרות inline; בקריאה חוזרת התקבל מסך One moment, please. נגישות האיסוף לא אומתה.",endpoint_only,תוקנה כתובת ונמנע empty שגוי. נדרש גם טיפול בגישה נתמכת וגם קורא inline עם מזהים יציבים; לא סומן כשוחזר.,https://www.scd-infrared.com/find-a-job/,2026-09-26,False
Sheba Medical Center — CS Israel,official_careers,sheba,unverified,לא אומת · 50% בריאות מקור,,True,web_access_unverified,העמוד המוגדר לא נקרא בהצלחה.,none,נדרש לוח משרות רשמי עדכני וקישורי פרט; אין חלופה מאומתת בבדיקה זו.,https://www.sheba.co.il/%D7%93%D7%A8%D7%95%D7%A9%D7%99%D7%9D,2026-09-26,False
Shufersal — CS Israel,official_careers,shufersal,unverified,לא אומת · 50% בריאות מקור,,True,web_access_unverified,תת-דומיין הקריירה לא נקרא בהצלחה.,none,"נדרש בירור יעד הגיוס הרשמי וסינון תפקידים לאחר איסוף, לא מחיקה בשל כשל גישה.",https://career.shufersal.co.il/,2026-09-26,False
Siemens EDA — Israel,official_careers,siemens-eda,zero_israel,איסוף חלקי · 100% בריאות מקור,0,True,web_access_unverified,דף הקריירה הכללי לא נקרא בהצלחה.,none,נדרש חיפוש רשמי ב-jobs.siemens.com עם מיקום ישראל ויחידה מתאימה; יעד זה הוא lead ולא feed מאומת.,https://www.siemens.com/en-us/company/jobs/,2026-09-26,False
Snyk Careers Israel,official_careers,snyk,pending,ממתין לאימות מנגנון האיסוף · 100% בריאות מקור,,False,dynamic_shell,"דף הקריירה נגיש, אך לא נחשף ממנו payload משרות אמין.",none,לא להשתמש בטוקן Greenhouse ישן שהדוח הקודם סימן כשגוי; נדרש גילוי ATS עדכני.,https://snyk.io/careers/all-jobs/,2026-09-26,False
SodaStream Careers Israel,official_careers,sodastream,pending,ממתין לאימות מנגנון האיסוף · 100% בריאות מקור,,False,web_access_unverified,עמוד הקריירה לא נקרא בהצלחה.,none,נדרש מקור גיוס רשמי בישראל; כתובת ישנה או כשל DNS אינם הוכחה שאין משרות.,https://sodastream.com/pages/careers,2026-09-26,False
StarkWare Careers Israel,official_careers,starkware,pending,ממתין לאימות מנגנון האיסוף · 100% בריאות מקור,,False,public_jobs_visible,העמוד מציג הזדמנות Ecosystem Research; לא כל משרת אקוסיסטם היא העסקה ישירה ב-StarkWare.,none,"יש לוודא מעסיק, מיקום ופרטי תפקיד לפני חיבור והפעלה.",https://starkware.co/careers/,2026-09-26,False
Strauss Group — CS Israel,official_careers,strauss,unverified,לא אומת · 50% בריאות מקור,,True,dynamic_shell,הכתובת הישנה com לא נקראה; כתובת co.il שנבדקה לא החזירה תוכן טקסטואלי מספיק.,none,אין לטעון שתיקון סיומת הדומיין משחזר איסוף; נדרש payload גיוס מאומת.,https://www.strauss-group.co.il/career/,2026-09-26,False
Sunflower Careers Israel,official_careers,sunflower,zero_israel,איסוף חלקי · 100% בריאות מקור,0,True,dynamic_shell,לוח Comeet מחזיר מעטפת דינמית בקריאת הדפדפן; לא אומת אפס אמיתי.,none,נדרש בדיקת COMPANY_POSITIONS_DATA/ה-API החי; לא הוחלף board UID מניחוש.,https://www.comeet.com/jobs/sunflower/AA.009,2026-09-26,False
Super-Pharm — CS Israel,official_careers,super-pharm,unverified,לא אומת · 50% בריאות מקור,,True,public_jobs_visible,האתר הציג הרבה משרות קמעונאיות בגוף העמוד; המקור אינו ריק.,none,נדרש קורא inline עם מזהי דרישה והפרדה מקטגוריות; סיווג למסלולים יתבצע רק לאחר האיסוף.,https://jobs.super-pharm.co.il/careers/,2026-09-26,False
Tefen — IEM Israel,official_careers,tefen,unverified,לא אומת · 50% בריאות מקור,,True,web_access_unverified,עמוד הקריירה לא נקרא בהצלחה.,none,נדרש לגלות יעד דרושים רשמי עדכני; אין חלופה מאומתת כאן.,https://www.tefen.com/careers/,2026-09-26,False
Tnuva Careers Israel,official_careers,tnuva,pending,ממתין לאימות מנגנון האיסוף · 100% בריאות מקור,,False,web_access_unverified,עמוד המשרות המוגדר לא נקרא בהצלחה.,none,נדרש לוח גיוס רשמי נוכחי וקורא מותאם לפני הפעלה.,https://www.tnuva.co.il/jobs/,2026-09-26,False
Tower Semiconductor — CS Israel,official_careers,tower-semiconductor,unverified,לא אומת · 50% בריאות מקור,,True,web_access_unverified,עמוד הקריירה לא נקרא בהצלחה.,none,נדרש ATS/לוח ישראל מאומת; אין ראיה מהכשל שאין משרות.,https://towersemi.com/careers/,2026-09-26,False
Unilever Israel Careers Israel,official_careers,unilever-israel,pending,ממתין לאימות מנגנון האיסוף · 100% בריאות מקור,,False,landing_only,"עמוד ישראל רשמי נגיש, אך לא אומת אוסף משרות ממנו.",none,לוח Workday של Unilever הוא lead מהדוח הקודם; נדרש country facet ותוכן חי לפני הפעלה.,https://careers.unilever.com/en/israel,2026-09-26,False
UPS — CS Israel,official_careers,ups-israel,unverified,לא אומת · 50% בריאות מקור,,True,wrong_regional_site,"הכתובת המוגדרת מופנית לאתר ארה״ב, לא הוכחת חיפוש ישראל.",none,נדרש קישור גיוס ישראלי רשמי; לא להציג תפקידי ארה״ב כישראליים.,https://www.jobs-ups.com/us/en,2026-09-26,False
Vayyar Imaging — Israel,official_careers,vayyar,unverified,לא אומת · 50% בריאות מקור,,True,landing_only,עמוד גיוס שיווקי נגיש ללא רשימת משרות מאומתת בטקסט שנקרא.,none,נדרש גילוי ATS/API דרך האתר הרשמי; אין הוכחה לאפס משרות.,https://vayyar.com/recruitment/,2026-09-26,False
Verint Careers Israel,official_careers,verint,pending,ממתין לאימות מנגנון האיסוף · 100% בריאות מקור,,False,ats_redirect_found,האתר הרשמי מקשר ל-Oracle Candidate Experience באתר CX.,none,נדרש קורא Oracle עם מזהי משרות ומיקום; אין collector מאומת ליעד זה בעדכון.,https://fa-epcb-saasfaprod1.fa.ocs.oraclecloud.com/hcmUI/CandidateExperience/en/sites/CX,2026-09-26,False
Wiliot — Hardware Israel,official_careers,wiliot,unverified,לא אומת · 50% בריאות מקור,,True,public_jobs_visible,נמצאו משרות בישראל וקישורי positions/position-... שלא התאימו לדפוס הישן.,comeet_route_added,נוסף ניתוב ללוח Comeet wiliot/F6.003 עם גבולות ואימות מזהים.,https://www.wiliot.com/careers,2026-09-26,False
XM Cyber Careers Israel,official_careers,xm-cyber,pending,ממתין לאימות מנגנון האיסוף · 100% בריאות מקור,,False,web_access_unverified,עמוד הקריירה לא נקרא בהצלחה.,none,לוח Comeet xmcyber/15.005 הוא lead קודם שהחזיר ריק; נדרש אימות נוכחי לפני הפעלה.,https://xmcyber.com/careers/,2026-09-26,False
CyberArk Careers Israel,smartrecruiters,Cyberark1,zero_israel,איסוף מלא · 100% בריאות מקור,0,True,employer_moved,אתר הקריירה של CyberArk מפנה ל-Palo Alto Networks; זה אינו אימות שאין משרות בישראל.,legacy_empty_guard,נוספה הגנה מפני empty של הלוח הישן; יש להצליב עם מקור Palo Alto הקיים ולא למזג היסטוריה אוטומטית.,https://www.paloaltonetworks.com/idira,2026-09-26,False
Western Digital Careers Israel,smartrecruiters,WesternDigital,zero_israel,איסוף מלא · 100% בריאות מקור,0,True,visible_foreign_only,הלוח הציבורי מציג משרות בחו״ל. הטקסט שנקרא אינו רשימה עולמית מלאה ואינו מוכיח אפס בישראל.,none,נדרש probe ל-Posting API עם country=il; אין להחליף חברה/לוח בלי ראיה רשמית.,https://careers.smartrecruiters.com/WesternDigital,2026-09-26,False
